序号,股票代码,股票简称,公司名称,省份,城市,主营业务收入(201712),净利润(201712),员工人数,上市日期,招股书,公司财报,行业分类,产品类型,主营业务
1,1,平安银行,平安银行股份有限公司,深圳市,罗湖区,1057.86亿,231.89亿,33708,1991-04-03,--,,银行,主营业务:经有关监管机构批准的各项商业银行业务,经有关监管机构批准的各项商业银行业务
2,2,万科A,万科企业股份有限公司,深圳市,盐田区,2428.97亿,372.08亿,92764,1991-01-29,--,,房地产开发,主营业务:房地产开发和物业服务,房地产开发和物业服务
3,4,国农科技,深圳中国农大科技股份有限公司,深圳市,南山区,1.39亿,589.22万,172,1991-01-14,--,,生物医药,主营业务:生物制药,生物制药
4,5,世纪星源,深圳世纪星源股份有限公司,深圳市,罗湖区,5.31亿,2293.60万,705,1990-12-10,--,,环保工程、物业管理,主营业务:绿色低碳城市社区建设相关的服务业务,绿色低碳城市社区建设相关的服务业务
5,6,深振业A,深圳市振业(集团)股份有限公司,深圳市,罗湖区,29.59亿,8.20亿,370,1992-04-27,--,,房地产开发,主营业务:从事房地产开发与销售,从事房地产开发与销售
6,7,全新好,深圳市全新好股份有限公司,深圳市,福田区,3964.40万,79.51万,102,1992-04-13,--,,物业经营,主营业务:物业管理和房屋租赁业等,物业管理和房屋租赁业等
7,8,神州高铁,神州高铁技术股份有限公司,北京市,海淀区,23.31亿,8.90亿,2417,1992-05-07,--,,轨道交通设备,主营业务:专业致力于为轨道交通安全运营提供监测、检测、维修、保养设备和服务及整体解决方案,专业致力于为轨道交通安全运营提供监测、检测、维修、保养设备和服务及整体解决方案
8,9,中国宝安,中国宝安集团股份有限公司,深圳市,罗湖区,70.71亿,3.23亿,10944,1991-06-25,--,,综合,主营业务:新能源、新材料及其它高新技术产业、生物医药业、房地产业以及其他行业,新能源、新材料及其它高新技术产业、生物医药业、房地产业以及其他行业
9,10,美丽生态,深圳美丽生态股份有限公司,深圳市,宝安区,7.58亿,-10.62亿,489,1995-10-27,--,,园林工程,主营业务:从事苗木种植、园林绿化工程施工和养护为一体的综合性园林服务。,从事苗木种植、园林绿化工程施工和养护为一体的综合性园林服务。
10,11,深物业A,深圳市物业发展(集团)股份有限公司,深圳市,罗湖区,29.05亿,6.23亿,5196,1992-03-30,--,,房地产开发,主营业务:从事房地产开发经营，兼营物业管理、房屋租赁、出租车客运、餐饮服务等,从事房地产开发经营，兼营物业管理、房屋租赁、出租车客运、餐饮服务等
11,12,南玻A,中国南玻集团股份有限公司,深圳市,南山区,108.79亿,8.29亿,12105,1992-02-28,--,,玻璃,"主营业务:平板玻璃、工程玻璃等节能建筑材料,硅材料、光伏组件等可再生能源产品及超薄电子玻璃等新型材料和高科技产品的生产、制造和销售","平板玻璃、工程玻璃等节能建筑材料,硅材料、光伏组件等可再生能源产品及超薄电子玻璃等新型材料和高科技产品的生产、制造和销售"
12,14,沙河股份,沙河实业股份有限公司,深圳市,南山区,5.13亿,1098.82万,156,1992-06-02,--,,房地产开发,主营业务:房地产开发和销售,房地产开发和销售
13,16,深康佳A,康佳集团股份有限公司,深圳市,南山区,312.28亿,50.87亿,17822,1992-03-27,--,,电视机,主营业务:彩电业务、手机业务、白电业务、供应链贸易,彩电业务、手机业务、白电业务、供应链贸易
14,17,深中华A,深圳中华自行车(集团)股份有限公司,深圳市,深圳市,1.37亿,157.92万,51,1992-03-31,--,,自行车,主营业务:电动自行车、自行车及零配件的生产和销售以及物业管理。,电动自行车、自行车及零配件的生产和销售以及物业管理。
15,18,神州长城,神州长城股份有限公司,深圳市,龙岗区,64.97亿,3.84亿,2875,1992-06-16,--,,装修装饰,主营业务:建筑装饰工程设计与施工及建筑相关工程施工,建筑装饰工程设计与施工及建筑相关工程施工
16,19,深粮控股,深圳市深粮控股股份有限公司,深圳市,南山区,107.94亿,3.51亿,688,1992-10-12,--,,软饮料,主营业务:茶及天然植物精深加工为主的食品原料(配料)生产研发和销售业务;粮油储备粮油贸易粮油加工等粮油流通及粮油储备服务业,茶及天然植物精深加工为主的食品原料(配料)生产研发和销售业务;粮油储备粮油贸易粮油加工等粮油流通及粮油储备服务业
17,20,深华发A,深圳中恒华发股份有限公司,深圳市,福田区,8.58亿,97.44万,993,1992-04-28,--,,电子零部件,主营业务:精密注塑件的加工、销售;液晶显示器的加工、销售;轻型包装材料的加工、销售以及物业租赁业务。,精密注塑件的加工、销售;液晶显示器的加工、销售;轻型包装材料的加工、销售以及物业租赁业务。
18,21,深科技,深圳长城开发科技股份有限公司,深圳市,福田区,142.10亿,5.74亿,24626,1994-02-02,--,,PC、服务器及硬件,主营业务:计算机硬件、通讯设备等。,计算机硬件、通讯设备等。
19,22,深赤湾A,招商局港口集团股份有限公司,深圳市,南山区,--,--,1719,1993-05-05,--,,港口,装卸业务、港口配套业务、代理及其他业务,集装箱和散杂货的港口装卸、仓储、运输及其它配套服务
20,23,深天地A,深圳市天地(集团)股份有限公司,深圳市,南山区,12.29亿,2868.88万,1123,1993-04-29,--,,商品混凝土,主营业务:混凝土的生产和销售、房地产的开发与销售,混凝土的生产和销售、房地产的开发与销售
序号,股票代码,股票简称,公司名称,省份,城市,主营业务收入(201712),净利润(201712),员工人数,上市日期,招股书,公司财报,行业分类,产品类型,主营业务
21,25,特力A,深圳市特力(集团)股份有限公司,深圳市,罗湖区,3.47亿,6578.16万,320,1993-06-21,--,,汽车销售,主营业务:汽车销售、汽车检测维修及配件销售、物业租赁及服务,汽车销售、汽车检测维修及配件销售、物业租赁及服务
22,26,飞亚达A,飞亚达(集团)股份有限公司,深圳市,南山区,33.46亿,1.43亿,5162,1993-06-03,--,,珠宝首饰,"主营业务:主要从事钟表及其零配件的设计、开发、制造、销售和维修业务，包括""飞亚达""表的产品经营和世界名表的商业连锁销售","主要从事钟表及其零配件的设计、开发、制造、销售和维修业务，包括""飞亚达""表的产品经营和世界名表的商业连锁销售"
23,27,深圳能源,深圳能源集团股份有限公司,深圳市,福田区,155.46亿,8.45亿,5845,1993-09-03,--,,火电,"主营业务:各种常规能源和新能源的开发、生产、购销,以及城市固体废物处理、城市燃气供应和废水处理等","各种常规能源和新能源的开发、生产、购销,以及城市固体废物处理、城市燃气供应和废水处理等"
24,28,国药一致,国药集团一致药业股份有限公司,深圳市,福田区,412.63亿,11.57亿,22480,1993-08-09,--,,医药商业,主营业务:药品的研发、生产，中西成药、中药材、生物制品、生化药品、保健品、医疗器械的批发销售和连锁零售。,药品的研发、生产，中西成药、中药材、生物制品、生化药品、保健品、医疗器械的批发销售和连锁零售。
25,29,深深房A,深圳经济特区房地产(集团)股份有限公司,深圳市,罗湖区,13.46亿,1.85亿,1912,1993-09-15,--,,房地产开发,主营业务:商品住宅销售、物业租赁及管理服务、酒店客房服务，以及建筑安装装修服务。,商品住宅销售、物业租赁及管理服务、酒店客房服务，以及建筑安装装修服务。
26,30,富奥股份,富奥汽车零部件股份有限公司,长春市,绿园区,71.93亿,8.19亿,6968,1993-09-29,--,,汽车零部件,主营业务:汽车零部件的生产与销售,汽车零部件的生产与销售
27,31,中粮地产,中粮地产(集团)股份有限公司,深圳市,宝安区,140.42亿,17.35亿,3307,1993-10-08,--,,房地产开发,主营业务:房地产开发、经营、销售、出租及管理住宅、商用物业、工业物业,房地产开发、经营、销售、出租及管理住宅、商用物业、工业物业
28,32,深桑达A,深圳市桑达实业股份有限公司,深圳市,南山区,18.82亿,5525.24万,1261,1993-10-28,--,,电子物流,主营业务:电子制造、电子商贸、电子物流服务等在内的一体化现代电子信息服务。,电子制造、电子商贸、电子物流服务等在内的一体化现代电子信息服务。
29,33,新都退,深圳新都酒店股份有限公司,--,广东,--,--,242,1994-01-03,--,,--,酒店经营、租赁业务、贸易业务、互联网业务、酒店咨询管理,酒店业务及其附属设施业务
30,34,神州数码,神州数码集团股份有限公司,深圳市,南山区,622.16亿,7.23亿,4486,1994-05-09,--,,贸易,主营业务:电话机产品的生产与销售及饲料产品的生产及销售及消费电子产品分销和企业IT产品分销,电话机产品的生产与销售及饲料产品的生产及销售及消费电子产品分销和企业IT产品分销
31,35,中国天楹,中国天楹股份有限公司,南通市,海安县,16.12亿,2.25亿,5737,1994-04-08,--,,垃圾发电,主营业务:以BOO、BOT方式投资、建设和运营城市生活垃圾焚烧发电项目，研发、生产、销售垃圾焚烧发电及环保成套设备,以BOO、BOT方式投资、建设和运营城市生活垃圾焚烧发电项目，研发、生产、销售垃圾焚烧发电及环保成套设备
32,36,华联控股,华联控股股份有限公司,深圳市,福田区,39.72亿,13.72亿,810,1994-06-17,--,,房地产开发,主营业务:房地产开发及自有物业租赁管理业务,房地产开发及自有物业租赁管理业务
33,37,深南电A,深圳南山热电股份有限公司,深圳市,南山区,20.46亿,37.71万,519,1994-07-01,--,,火电,主营业务:生产经营供电供热、从事发电厂(站)的相关技术咨询和技术服务,生产经营供电供热、从事发电厂(站)的相关技术咨询和技术服务
34,38,深大通,深圳大通实业股份有限公司,深圳市,南山区,15.10亿,3.58亿,244,1994-08-08,--,,网络媒体,主营业务:新媒体传媒运营、广告发布,新媒体传媒运营、广告发布
35,39,中集集团,中国国际海运集装箱(集团)股份有限公司,深圳市,南山区,763.00亿,31.58亿,51130,1994-04-08,--,,金属制品,主营业务:主要从事集装箱、能源、化工及液态食品装备、海洋工程装备、空港设备的制造及服务业务,主要从事集装箱、能源、化工及液态食品装备、海洋工程装备、空港设备的制造及服务业务
36,40,东旭蓝天,东旭蓝天新能源股份有限公司,深圳市,罗湖区,81.31亿,5.40亿,2881,1994-08-08,--,,太阳能,"主营业务:光伏电站投资、建设、运营,房地产开发与销售、物业管理等","光伏电站投资、建设、运营,房地产开发与销售、物业管理等"
37,42,中洲控股,深圳市中洲投资控股股份有限公司,深圳市,南山区,86.54亿,6.09亿,2314,1994-09-21,--,,房地产开发,主营业务:房地产开发、物业租赁经营、酒店经营、建筑施工。,房地产开发、物业租赁经营、酒店经营、建筑施工。
38,43,中航善达,中航善达股份有限公司,深圳市,福田区,58.93亿,-3472.81万,19886,1994-09-28,--,,房地产开发,主营业务:物业资产管理业务,物业资产管理业务
39,45,深纺织A,深圳市纺织(集团)股份有限公司,深圳市,福田区,14.76亿,7366.17万,1335,1994-08-15,--,,显示器件,"主营业务:以液晶显示用偏光片的研发、生产、营销为代表的高新技术产业,同时还有以地处深圳繁华商业区为主的物业经营管理业务及保留的高档纺织服装业务。","以液晶显示用偏光片的研发、生产、营销为代表的高新技术产业,同时还有以地处深圳繁华商业区为主的物业经营管理业务及保留的高档纺织服装业务。"
40,46,泛海控股,泛海控股股份有限公司,北京市,东城区,168.76亿,30.93亿,10523,1994-09-12,--,,房地产开发,主营业务:金融、房地产、战略投资等业务,金融、房地产、战略投资等业务
序号,股票代码,股票简称,公司名称,省份,城市,主营业务收入(201712),净利润(201712),员工人数,上市日期,招股书,公司财报,行业分类,产品类型,主营业务
41,48,*ST康达,深圳市康达尔(集团)股份有限公司,深圳市,罗湖区,15.50亿,-1.39亿,1562,1994-11-01,--,,饲料,主营业务:交通运输、自来水供应，房地产开发、物业管理，肉猪、肉鸡养殖，饲料生产销售,交通运输、自来水供应，房地产开发、物业管理，肉猪、肉鸡养殖，饲料生产销售
42,49,德赛电池,深圳市德赛电池科技股份有限公司,深圳市,南山区,124.86亿,3.64亿,10586,1995-03-20,--,,电池,主营业务:生产制造电源管理系统及各类锂电池,生产制造电源管理系统及各类锂电池
43,50,深天马A,天马微电子股份有限公司,深圳市,福田区,238.24亿,15.35亿,40513,1995-03-15,--,,显示器件,主营业务:从事液晶显示器及相关材料、设备、产品的设计、制造、销售,从事液晶显示器及相关材料、设备、产品的设计、制造、销售
44,55,方大集团,方大集团股份有限公司,深圳市,南山区,29.47亿,11.51亿,2206,1996-04-15,--,,其他建材,主营业务:生产和经营新型建筑材料。,生产和经营新型建筑材料。
45,56,皇庭国际,深圳市皇庭国际企业股份有限公司,深圳市,福田区,8.08亿,1.52亿,736,1996-07-08,--,,物业租赁、物业管理,主营业务:自有商业地产项目的商业运营管理、商场和住宅项目的物业服务管理,自有商业地产项目的商业运营管理、商场和住宅项目的物业服务管理
46,58,深赛格,深圳赛格股份有限公司,深圳市,福田区,20.30亿,3.08亿,2763,1996-12-26,--,,专业市场,主营业务:电子专业市场及配套项目的开发及经营、物业租赁服务业务、IT产品渠道零售终端业务、电子商务和小额贷款增值业务。,电子专业市场及配套项目的开发及经营、物业租赁服务业务、IT产品渠道零售终端业务、电子商务和小额贷款增值业务。
47,59,华锦股份,北方华锦化学工业股份有限公司,盘锦市,双台子区,337.14亿,19.41亿,10233,1997-01-30,--,,石油加工,主营业务:石油化工产品、化学肥料的生产与销售。,石油化工产品、化学肥料的生产与销售。
48,60,中金岭南,深圳市中金岭南有色金属股份有限公司,深圳市,福田区,190.16亿,10.94亿,9685,1997-01-23,--,,铅锌,主营业务:有色金属矿产品、冶炼产品、深加工产品、综合利用产品及电池材料、铝型材、幕墙工程、出租车营运、房地产开发等,有色金属矿产品、冶炼产品、深加工产品、综合利用产品及电池材料、铝型材、幕墙工程、出租车营运、房地产开发等
49,61,农产品,深圳市农产品集团股份有限公司,深圳市,罗湖区,24.46亿,6117.25万,5036,1997-01-10,--,,专业市场,主营业务:农产品批发市场的开发、建设、经营和管理，大宗农产品电子交易和蔬菜种植等。,农产品批发市场的开发、建设、经营和管理，大宗农产品电子交易和蔬菜种植等。
50,62,深圳华强,深圳华强实业股份有限公司,深圳市,福田区,85.46亿,4.64亿,1832,1997-01-30,--,,专业市场,主营业务:面向电子信息产业链的现代高端服务业，为产业链上的各环节提供网上网下交易服务、产品服务和交易信息服务。,面向电子信息产业链的现代高端服务业，为产业链上的各环节提供网上网下交易服务、产品服务和交易信息服务。
51,63,中兴通讯,中兴通讯股份有限公司,深圳市,南山区,1088.15亿,53.86亿,74773,1997-11-18,--,,通信传输设备,主营业务:设计、开发、生产、分销及安装各种先进的ICT领域系统、设备和终端,设计、开发、生产、分销及安装各种先进的ICT领域系统、设备和终端
52,65,北方国际,北方国际合作股份有限公司,北京市,丰台区,97.30亿,5.43亿,2001,1998-06-05,--,,专业工程,主营业务:承包境外工程及境内国际招标工程、房地产开发业务。,承包境外工程及境内国际招标工程、房地产开发业务。
53,66,中国长城,中国长城科技集团股份有限公司,深圳市,南山区,95.07亿,6.96亿,13829,1997-06-26,--,,PC、服务器及硬件,主营业务:计算机及相关设备制造，高新电子业务，涉及军事通信、卫星与定位导航、海洋信息安全产业及军用自主可控计算机及网络等领域。,计算机及相关设备制造，高新电子业务，涉及军事通信、卫星与定位导航、海洋信息安全产业及军用自主可控计算机及网络等领域。
54,68,华控赛格,深圳华控赛格股份有限公司,深圳市,宝安区,4.13亿,3264.41万,555,1997-06-11,--,,环保材料,主营业务:节能环保和新材料,节能环保和新材料
55,69,华侨城A,深圳华侨城股份有限公司,深圳市,南山区,423.41亿,93.18亿,25130,1997-09-10,--,,景区,主营业务:主题公园、酒店服务、房地产开发、纸包装等,主题公园、酒店服务、房地产开发、纸包装等
56,70,特发信息,深圳市特发信息股份有限公司,深圳市,南山区,54.73亿,2.98亿,4916,2000-05-11,--,,通信传输设备,主营业务:光纤、光缆、通信设备的生产和销售,光纤、光缆、通信设备的生产和销售
57,78,海王生物,深圳市海王生物工程股份有限公司,深圳市,南山区,249.40亿,8.21亿,9262,1998-12-18,--,,医药商业,主营业务:生物制品、生化制品、海洋药物、海洋生物制品、中成药的生产销售,生物制品、生化制品、海洋药物、海洋生物制品、中成药的生产销售
58,88,盐田港,深圳市盐田港股份有限公司,深圳市,盐田区,3.44亿,4.33亿,714,1997-07-28,--,,港口,主营业务:投资港口货物装卸与运输业务，码头建设工程管理，收费高速公路、桥梁运营，海关监管仓和其他港口配套仓储经营。,投资港口货物装卸与运输业务，码头建设工程管理，收费高速公路、桥梁运营，海关监管仓和其他港口配套仓储经营。
59,89,深圳机场,深圳市机场股份有限公司,深圳市,宝安区,33.20亿,6.75亿,5444,1998-04-20,--,,机场,主营业务:航空客货运输地面服务、郊区公路客货运输、航空客货物流代理业务等劳务。,航空客货运输地面服务、郊区公路客货运输、航空客货物流代理业务等劳务。
60,90,天健集团,深圳市天健(集团)股份有限公司,深圳市,福田区,67.50亿,5.98亿,5978,1999-07-21,--,,专业工程,主营业务:提供商品住宅的开发及销售、工程施工劳务、物业租赁服务、物业管理服务、商业运营及服务。,提供商品住宅的开发及销售、工程施工劳务、物业租赁服务、物业管理服务、商业运营及服务。
序号,股票代码,股票简称,公司名称,省份,城市,主营业务收入(201712),净利润(201712),员工人数,上市日期,招股书,公司财报,行业分类,产品类型,主营业务
61,96,广聚能源,深圳市广聚能源股份有限公司,深圳市,南山区,12.43亿,1.55亿,398,2000-07-24,--,,石油天然气贸易,主营业务:从事油品、液化石油气销售、液体化工品仓储及电力投资,从事油品、液化石油气销售、液体化工品仓储及电力投资
62,99,中信海直,中信海洋直升机股份有限公司,深圳市,罗湖区,12.70亿,9557.90万,1090,2000-07-31,--,,航空,主营业务:通用航空飞行服务和维修服务,通用航空飞行服务和维修服务
63,100,TCL集团,TCL集团股份有限公司,惠州市,惠城区,1117.27亿,35.45亿,75059,2004-01-30,--,,电视机,主营业务:从事研究、开发、生产、销售电子产品及通讯设备、新型光电、液晶显示器件，五金交电，VCD、DVD视盘机，家庭影院系统，电子计算机及配件，电池，数字卫星电视接收机，建筑材料，普通机械。,从事研究、开发、生产、销售电子产品及通讯设备、新型光电、液晶显示器件，五金交电，VCD、DVD视盘机，家庭影院系统，电子计算机及配件，电池，数字卫星电视接收机，建筑材料，普通机械。
64,150,宜华健康,宜华健康医疗股份有限公司,汕头市,澄海区,21.16亿,1.84亿,18022,2000-08-07,--,,医疗服务,主营业务:健康医疗服务,健康医疗服务
65,151,中成股份,中成进出口股份有限公司,北京市,丰台区,22.29亿,8843.59万,393,2000-09-06,--,,贸易,主营业务:成套设备与技术进出口、一般贸易和境外经营。,成套设备与技术进出口、一般贸易和境外经营。
66,153,丰原药业,安徽丰原药业股份有限公司,芜湖市,无为县,25.78亿,6534.81万,4571,2000-09-20,--,,化学制剂,主营业务:生物药、中药、化学合成药及其制剂等方面的研究、开发、生产和销售。,生物药、中药、化学合成药及其制剂等方面的研究、开发、生产和销售。
67,155,川能动力,四川省新能源动力股份有限公司,成都市,青白江区,65.09亿,3.82亿,188,2000-09-26,--,,氮肥,主营业务:从事合成氨、尿素、三聚氰胺、硝酸铵、氮磷复合肥、硫酸、硝酸、硫酸钾、过氧化氢、液体二氧化碳、催化剂等化肥、化工产品的生产和销售，风力发电、光伏发电,从事合成氨、尿素、三聚氰胺、硝酸铵、氮磷复合肥、硫酸、硝酸、硫酸钾、过氧化氢、液体二氧化碳、催化剂等化肥、化工产品的生产和销售，风力发电、光伏发电
68,156,华数传媒,华数传媒控股股份有限公司,杭州市,滨江区,32.09亿,6.41亿,4937,2000-09-06,--,,有线电视,主营业务:杭州地区有线电视网络运营和面向全国的互动电视、手机电视、互联网电视、互联网视频、广告等传媒信息服务业,杭州地区有线电视网络运营和面向全国的互动电视、手机电视、互联网电视、互联网视频、广告等传媒信息服务业
69,157,中联重科,中联重科股份有限公司,长沙市,岳麓区,232.73亿,12.48亿,13461,2000-10-12,--,,工程机械,主营业务:混凝土机械、起重机械、路面机械、环卫机械等产品及配套件的开发、生产、销售和租赁。,混凝土机械、起重机械、路面机械、环卫机械等产品及配套件的开发、生产、销售和租赁。
70,158,常山北明,石家庄常山北明科技股份有限公司,石家庄市,长安区,112.54亿,3.55亿,5054,2000-07-24,--,,棉纺,主营业务:纯棉纱布和涤棉纱布的生产销售；自产产品和技术的进出口业务；棉花批发、零售；软件和信息技术服务业,纯棉纱布和涤棉纱布的生产销售；自产产品和技术的进出口业务；棉花批发、零售；软件和信息技术服务业
71,159,国际实业,新疆国际实业股份有限公司,乌鲁木齐市,新市区,3.56亿,-7113.14万,400,2000-09-26,--,,石油天然气贸易,主营业务:油品批发、零售、仓储、运输；能源贸易；房地产开发与销售。,油品批发、零售、仓储、运输；能源贸易；房地产开发与销售。
72,166,申万宏源,申万宏源集团股份有限公司,乌鲁木齐市,天山区,133.68亿,47.26亿,13594,2015-01-26,--,,证券,主营业务:金融投资、股权投资等,金融投资、股权投资等
73,301,东方盛虹,江苏东方盛虹股份有限公司,苏州市,吴江区,162.99亿,14.29亿,573,2000-05-29,--,,火电,主营业务:民用涤纶长丝的研发、生产和销售，以电力、热能、营业房出租、房地产开发、 平台贸易为补充。,民用涤纶长丝的研发、生产和销售，以电力、热能、营业房出租、房地产开发、 平台贸易为补充。
74,333,美的集团,美的集团股份有限公司,佛山市,顺德区,2419.19亿,186.11亿,101826,2013-09-18,--,,空调、小家电,主营业务:以家电产业为主，涉足电机、物流等领域，旗下分为四大业务板块，分别为大家电、小家电、电机及物流,以家电产业为主，涉足电机、物流等领域，旗下分为四大业务板块，分别为大家电、小家电、电机及物流
75,338,潍柴动力,潍柴动力股份有限公司,潍坊市,奎文区,1515.69亿,91.78亿,41402,2007-04-30,--,,汽车零部件,主营业务:研究、生产及销售发动机及其零部件、重型汽车、重型汽车车桥、变速箱及其他汽车零部件等业务,研究、生产及销售发动机及其零部件、重型汽车、重型汽车车桥、变速箱及其他汽车零部件等业务
76,400,许继电气,许继电气股份有限公司,许昌市,魏都区,103.29亿,6.82亿,5662,1997-04-18,--,,电气自控设备,主营业务:从事电力系统二次设备和一次设备的研制、销售,从事电力系统二次设备和一次设备的研制、销售
77,401,冀东水泥,唐山冀东水泥股份有限公司,唐山市,丰润区,251.68亿,9.40亿,14224,1996-06-14,--,,水泥,主营业务:生产和销售水泥、熟料以及石灰石开采和销售,生产和销售水泥、熟料以及石灰石开采和销售
78,402,金融街,金融街控股股份有限公司,北京市,西城区,255.19亿,41.03亿,3415,1996-06-26,--,,房地产开发,主营业务:房地产开发和经营,房地产开发和经营
79,403,振兴生化,振兴生化股份有限公司,太原市,小店区,6.85亿,1524.47万,1111,1996-06-28,--,,生物医药,主营业务:生产和销售血液制品,生产和销售血液制品
80,404,长虹华意,长虹华意压缩机股份有限公司,景德镇市,昌江区,81.14亿,2.12亿,6441,1996-06-19,--,,压缩机,主营业务:冰箱压缩机及商用压缩机的研发、生产和销售,冰箱压缩机及商用压缩机的研发、生产和销售
序号,股票代码,股票简称,公司名称,省份,城市,主营业务收入(201712),净利润(201712),员工人数,上市日期,招股书,公司财报,行业分类,产品类型,主营业务
81,407,胜利股份,山东胜利股份有限公司,济南市,历下区,38.28亿,1.23亿,1481,1996-07-03,--,,燃气,主营业务:天然气、生物、农化、塑胶等产业组成,天然气、生物、农化、塑胶等产业组成
82,408,藏格控股,藏格控股股份有限公司,海西蒙古族藏族自治州,格尔木市,31.73亿,12.17亿,1776,1996-06-28,--,,钾肥,主营业务:钾肥(氯化钾)的生产和销售。,钾肥(氯化钾)的生产和销售。
83,409,*ST地矿,山东地矿股份有限公司,济南市,历城区,14.30亿,-2.71亿,1887,1996-06-27,--,,综合,主营业务:矿石的开采、加工及矿产品销售,矿石的开采、加工及矿产品销售
84,410,沈阳机床,沈阳机床股份有限公司,沈阳市,于洪区,41.89亿,1.08亿,11877,1996-07-18,--,,机床设备,主营业务:金属切削机床制造,金属切削机床制造
85,411,英特集团,浙江英特集团股份有限公司,杭州市,下城区,189.07亿,1.91亿,2432,1996-07-16,--,,医药商业,主营业务:主要从事药品及医疗器械批发业务,主要从事药品及医疗器械批发业务
86,413,东旭光电,东旭光电科技股份有限公司,石家庄市,石家庄市,172.77亿,19.21亿,7931,1996-09-25,--,,显示器件,主营业务:电真空玻璃器件及其配套电子元器件的生产与销售和平板显示玻璃基板及其装备的研发、生产与销售等,电真空玻璃器件及其配套电子元器件的生产与销售和平板显示玻璃基板及其装备的研发、生产与销售等
87,415,渤海租赁,渤海租赁股份有限公司,乌鲁木齐市,沙依巴克区,359.34亿,31.56亿,800,1996-07-16,--,,其他非银行金融,主营业务:融资租赁和经营性租赁,融资租赁和经营性租赁
88,416,民生控股,民生控股股份有限公司,青岛市,崂山区,7141.84万,2976.15万,63,1996-07-19,--,,其他非银行金融,主营业务:典当、财富管理及保险经纪,典当、财富管理及保险经纪
89,417,合肥百货,合肥百货大楼集团股份有限公司,合肥市,庐阳区,103.90亿,2.96亿,9248,1996-08-12,--,,百货,主营业务:百货零售业、农产品交易市场两大类业务,百货零售业、农产品交易市场两大类业务
90,418,小天鹅A,无锡小天鹅股份有限公司,无锡市,无锡市,213.85亿,17.08亿,9890,1997-03-28,--,,洗衣机,主营业务:家用洗衣机的研发、生产和销售,家用洗衣机的研发、生产和销售
91,419,通程控股,长沙通程控股股份有限公司,长沙市,雨花区,40.45亿,1.48亿,3860,1996-08-16,--,,百货,主营业务:商业零售业、典当业及旅游酒店业,商业零售业、典当业及旅游酒店业
92,420,吉林化纤,吉林化纤股份有限公司,吉林市,昌邑区,21.98亿,8542.14万,5302,1996-08-02,--,,粘胶纤维,主营业务:从事粘胶纤维的生产、研发和销售,从事粘胶纤维的生产、研发和销售
93,421,南京公用,南京公用发展股份有限公司,南京市,建邺区,36.09亿,2.49亿,2871,1996-08-06,--,,燃气,主营业务:客运业务、燃气业务及房地产业务,客运业务、燃气业务及房地产业务
94,422,*ST宜化,湖北宜化化工股份有限公司,宜昌市,猇亭区,119.55亿,-51.47亿,9871,1996-08-15,--,,氮肥,主营业务:化肥及化工产品的制造和销售。,化肥及化工产品的制造和销售。
95,423,东阿阿胶,东阿阿胶股份有限公司,聊城市,东阿县,73.72亿,20.44亿,4836,1996-07-29,--,,中药生产,主营业务:从事阿胶及阿胶系列产品的研发、生产和销售业务,从事阿胶及阿胶系列产品的研发、生产和销售业务
96,425,徐工机械,徐工集团工程机械股份有限公司,徐州市,鼓楼区,291.31亿,10.29亿,13620,1996-08-28,--,,工程机械,主营业务:主要从事工程起重机械、铲运机械、压实机械、混凝土机械、路面机械、消防机械、其他工程机械及工程机械备件的研发、制造和销售。,主要从事工程起重机械、铲运机械、压实机械、混凝土机械、路面机械、消防机械、其他工程机械及工程机械备件的研发、制造和销售。
97,426,兴业矿业,内蒙古兴业矿业股份有限公司,赤峰市,松山区,21.11亿,5.54亿,315,1996-08-28,--,,铅锌,主营业务:有色金属采选及冶炼,有色金属采选及冶炼
98,428,华天酒店,华天酒店集团股份有限公司,长沙市,芙蓉区,10.63亿,-7069.54万,5197,1996-08-08,--,,酒店,主营业务:住宿、餐饮。,住宿、餐饮。
99,429,粤高速A,广东省高速公路发展股份有限公司,广州市,越秀区,30.89亿,17.10亿,2191,1998-02-20,--,,高速公路,主营业务:广佛高速公路和佛开高速公路的收费和养护工作，投资科技产业及提供相关咨询,广佛高速公路和佛开高速公路的收费和养护工作，投资科技产业及提供相关咨询
100,430,张家界,张家界旅游集团股份有限公司,张家界市,永定区,5.50亿,6602.45万,1139,1996-08-29,--,,景区,主营业务:旅游项目经营；旅游客运；旅行社经营；其他:酒店经营、房屋租赁、广告代理等,旅游项目经营；旅游客运；旅行社经营；其他：酒店经营、房屋租赁、广告代理等
序号,股票代码,股票简称,公司名称,省份,城市,主营业务收入(201712),净利润(201712),员工人数,上市日期,招股书,公司财报,行业分类,产品类型,主营业务
101,488,晨鸣纸业,山东晨鸣纸业集团股份有限公司,潍坊市,寿光市,294.72亿,37.59亿,15009,2000-11-20,--,,造纸,主营业务:机制纸及板纸和造纸原料、造纸机械、电力、热力的生产与销售,机制纸及板纸和造纸原料、造纸机械、电力、热力的生产与销售
102,498,山东路桥,山东高速路桥集团股份有限公司,济南市,市中区,123.85亿,5.78亿,8703,1997-06-09,--,,路桥建设,主营业务:路桥工程施工与养护施工,路桥工程施工与养护施工
103,501,鄂武商A,武汉武商集团股份有限公司,武汉市,江汉区,181.22亿,12.41亿,11482,1992-11-20,--,,百货,主营业务:商业零售及批发业务,商业零售及批发业务
104,502,绿景控股,绿景控股股份有限公司,广州市,海珠区,2206.13万,-8477.38万,192,1992-11-23,--,,房地产开发,主营业务:从事房地产开发及物业管理业务,从事房地产开发及物业管理业务
105,503,国新健康,国新健康保障服务集团股份有限公司,海口市,龙华区,1.84亿,-29.97万,1167,1992-11-30,--,,电子商务B2B,主营业务:医药电子商务、医疗福利管理等,医药电子商务、医疗福利管理等
106,504,南华生物,南华生物医药股份有限公司,长沙市,天心区,6739.30万,-3624.92万,143,1992-12-08,--,,节能环保,主营业务:媒体业务；生物资源、干细胞和免疫细胞储存，生命科学技术、组织工程技术及其他生物技术研发业务,媒体业务；生物资源、干细胞和免疫细胞储存，生命科学技术、组织工程技术及其他生物技术研发业务
107,505,京粮控股,海南京粮控股股份有限公司,海口市,龙华区,79.18亿,2.09亿,2968,1992-12-21,--,,房地产开发,主营业务:植物油加工及食品制造。,植物油加工及食品制造。
108,506,中润资源,中润资源投资股份有限公司,济南市,历下区,7.69亿,-4.75亿,1650,1993-03-12,--,,黄金,主营业务:矿业投资与房地产开发,矿业投资与房地产开发
109,507,珠海港,珠海港股份有限公司,珠海市,珠海市,19.60亿,1.66亿,2102,1993-03-26,--,,港口,主营业务:港口及其配套设施的项目投资；电力项目投资；玻璃纤维制品项目投资；饮料项目投资；化工原料及化工产品项目投资。,港口及其配套设施的项目投资；电力项目投资；玻璃纤维制品项目投资；饮料项目投资；化工原料及化工产品项目投资。
110,509,华塑控股,华塑控股股份有限公司,南充市,顺庆区,22.41亿,1237.43万,70,1993-05-07,--,,其他建材,主营业务:园林工程、大宗商品贸易。,园林工程、大宗商品贸易。
111,510,金路集团,四川金路集团股份有限公司,德阳市,旌阳区,17.28亿,4228.80万,2537,1993-05-07,--,,氯碱,主营业务:从事PCV树脂和烧碱的生产与销售,从事PCV树脂和烧碱的生产与销售
112,511,烯碳退,银基烯碳新材料集团股份有限公司,沈阳市,沈河区,--,--,179,1993-05-18,--,,非金属新材料,贸易类、房地产、生产类、技术平台开发类,"石墨类产品、石墨烯及纳米碳、碳素类产品、耐火材料、活性碳类产品、烯碳新材料、稀土碳基复合材料、矿产品、金属和非金属材料销售(不含危险化学品),烯碳新材料技术开发和技术转让,城市基础设施投资等。"
113,513,丽珠集团,丽珠医药集团股份有限公司,珠海市,金湾区,85.31亿,44.88亿,7219,1993-10-28,--,,化学制剂,主营业务:研究、开发、生产和销售医药产品。,研究、开发、生产和销售医药产品。
114,514,渝开发,重庆渝开发股份有限公司,重庆市,渝中区,10.41亿,9849.10万,740,1993-07-12,--,,房地产开发,主营业务:主要从事房地产开发、房屋销售及租赁、物业管理、会展经营、酒店经营管理、市政工程代理。,主要从事房地产开发、房屋销售及租赁、物业管理、会展经营、酒店经营管理、市政工程代理。
115,516,国际医学,西安国际医学投资股份有限公司,西安市,碑林区,40.60亿,1.90亿,3724,1993-08-09,--,,百货,主营业务:大健康医疗服务和现代医学技术转化应用,大健康医疗服务和现代医学技术转化应用
116,517,荣安地产,荣安地产股份有限公司,宁波市,海曙区,42.64亿,5.42亿,1182,1993-08-06,--,,房地产开发,主营业务:从事房地产开发、经营；物业服务；建设工程承包等,从事房地产开发、经营；物业服务；建设工程承包等
117,518,四环生物,江苏四环生物股份有限公司,无锡市,江阴市,3.46亿,1065.03万,280,1993-09-08,--,,生物医药,主营业务:药品、保健品的研发、生产和销售,药品、保健品的研发、生产和销售
118,519,中兵红箭,中兵红箭股份有限公司,湘潭市,湘潭市,47.75亿,1.20亿,8838,1993-10-08,--,,超硬材料,主营业务:超硬材料及其制品和内燃机配件的研发、生产、销售,超硬材料及其制品和内燃机配件的研发、生产、销售
119,520,长航凤凰,长航凤凰股份有限公司,武汉市,江汉区,8.32亿,5081.98万,460,1993-10-25,--,,航运,主营业务:从事干货运输,从事干货运输
120,521,长虹美菱,长虹美菱股份有限公司,合肥市,蜀山区,167.97亿,3609.45万,17179,1993-10-18,--,,冰箱、空调,主营业务:冰箱、冰柜、空调、洗衣机白色家电产品研发、生产与销售。,冰箱、冰柜、空调、洗衣机白色家电产品研发、生产与销售。
序号,股票代码,股票简称,公司名称,省份,城市,主营业务收入(201712),净利润(201712),员工人数,上市日期,招股书,公司财报,行业分类,产品类型,主营业务
121,523,广州浪奇,广州市浪奇实业股份有限公司,广州市,天河区,118.11亿,3379.96万,848,1993-11-08,--,,洗涤产品,"主营业务:从事""浪奇""、""高富力""和""维可倚""等品牌的洗涤用品和磺酸、精甘油、AES等化工原料的开发、生产和销售","从事""浪奇""、""高富力""和""维可倚""等品牌的洗涤用品和磺酸、精甘油、AES等化工原料的开发、生产和销售"
122,524,岭南控股,广州岭南集团控股股份有限公司,广州市,越秀区,63.92亿,1.85亿,5549,1993-11-18,--,,餐饮,主营业务:酒店管理业务、酒店经营业务、出租车与租赁车业务,酒店管理业务、酒店经营业务、出租车与租赁车业务
123,525,红太阳,南京红太阳股份有限公司,南京市,高淳区,50.72亿,7.23亿,3438,1993-10-28,--,,农药,主营业务:原药和制剂产品的生产销售、化肥生态肥的销售,原药和制剂产品的生产销售、化肥生态肥的销售
124,526,紫光学大,厦门紫光学大股份有限公司,厦门市,湖里区,28.12亿,2258.00万,15227,1993-11-01,--,,教育培训,主营业务:教育培训服务,教育培训服务
125,528,柳工,广西柳工机械股份有限公司,柳州市,柳南区,119.39亿,3.69亿,8420,1993-11-18,--,,工程机械,主营业务:装载机、挖掘机、起重机、压路机、叉车、平地机、推土机、铣刨机、摊铺机、滑移装载机、挖掘装载机等工程机械及配件的生产、销售，以及融资租赁业务,装载机、挖掘机、起重机、压路机、叉车、平地机、推土机、铣刨机、摊铺机、滑移装载机、挖掘装载机等工程机械及配件的生产、销售，以及融资租赁业务
126,529,广弘控股,广东广弘控股股份有限公司,广州市,天河区,23.06亿,1.56亿,902,1993-11-18,--,,肉制品,主营业务:肉类食品供应和教育出版物发行,肉类食品供应和教育出版物发行
127,530,大冷股份,大连冷冻机股份有限公司,大连市,沙河口区,20.80亿,2.05亿,1726,1993-12-08,--,,制冷空调设备,主营业务:工业制冷、食品冷冻冷藏、中央及商用空调以及制冷部件等制冷设备的生产和安装。,工业制冷、食品冷冻冷藏、中央及商用空调以及制冷部件等制冷设备的生产和安装。
128,531,穗恒运A,广州恒运企业集团股份有限公司,广州市,萝岗区,29.65亿,2.02亿,1227,1994-01-06,--,,火电,主营业务:电力、热力的生产和销售,电力、热力的生产和销售
129,532,华金资本,珠海华金资本股份有限公司,珠海市,香洲区,4.79亿,6476.27万,645,1994-01-03,--,,电子零部件,主营业务:从事投资与资产管理、电子设备制造、电子器件制造、水质净化等业务。,从事投资与资产管理、电子设备制造、电子器件制造、水质净化等业务。
130,533,顺钠股份,广东顺钠电气股份有限公司,佛山市,顺德区,82.67亿,6662.72万,1562,1994-01-03,--,,厨卫电器,主营业务:输配电设备业务、供应链管理业务,输配电设备业务、供应链管理业务
131,534,万泽股份,万泽实业股份有限公司,汕头市,龙湖区,2.55亿,7720.06万,389,1994-01-10,--,,房地产开发,主营业务:房地产商品开发销售,房地产商品开发销售
132,536,华映科技,华映科技(集团)股份有限公司,福州市,马尾区,48.89亿,1.98亿,4923,1993-11-26,--,,显示器件,主营业务:从事新型平板显示器件、液晶显示屏、模组及零部件的研发、设计、生产、销售和售后服务。,从事新型平板显示器件、液晶显示屏、模组及零部件的研发、设计、生产、销售和售后服务。
133,537,广宇发展,天津广宇发展股份有限公司,天津市,滨海新区,216.43亿,22.18亿,1777,1993-12-10,--,,房地产开发,主营业务:房地产开发与销售,房地产开发与销售
134,538,云南白药,云南白药集团股份有限公司,昆明市,呈贡区,243.15亿,31.33亿,8294,1993-12-15,--,,中药生产,主营业务:制造和销售以云南白药系列产品和天然植物药系列产品为主的各类药品。,制造和销售以云南白药系列产品和天然植物药系列产品为主的各类药品。
135,539,粤电力A,广东电力发展股份有限公司,广州市,天河区,266.44亿,11.38亿,6957,1993-11-26,--,,火电,主营业务:主要从事电力项目的投资、建设和经营管理，电力的生产和销售业务,主要从事电力项目的投资、建设和经营管理，电力的生产和销售业务
136,540,中天金融,中天金融集团股份有限公司,贵阳市,贵阳市,172.64亿,21.44亿,5507,1994-02-02,--,,房地产开发,主营业务:房地产及金融业务,房地产及金融业务
137,541,佛山照明,佛山电器照明股份有限公司,佛山市,禅城区,38.00亿,7.46亿,9209,1993-11-23,--,,照明设备,主营业务:照明产品的生产、研发和销售,照明产品的生产、研发和销售
138,543,皖能电力,安徽省皖能股份有限公司,合肥市,包河区,122.07亿,7929.25万,3480,1993-12-20,--,,火电,主营业务:从事投资建设、经营管理以电力生产为主的能源项目,从事投资建设、经营管理以电力生产为主的能源项目
139,544,中原环保,中原环保股份有限公司,郑州市,金水区,9.76亿,3.23亿,1176,1993-12-08,--,,污水处理,主营业务:城市污水处理和集中供热业务,城市污水处理和集中供热业务
140,545,金浦钛业,金浦钛业股份有限公司,吉林市,昌邑区,17.41亿,1.66亿,1074,1993-12-15,--,,其他化学原料,主营业务:钛白粉生产及销售,钛白粉生产及销售
序号,股票代码,股票简称,公司名称,省份,城市,主营业务收入(201712),净利润(201712),员工人数,上市日期,招股书,公司财报,行业分类,产品类型,主营业务
141,546,金圆股份,金圆环保股份有限公司,长春市,朝阳区,50.73亿,4.02亿,3536,1993-12-15,--,,水泥,主营业务:以水泥、商砼业务为核心的建材产业和以固(危)废处置为核心的环保产业两大业务板块。,以水泥、商砼业务为核心的建材产业和以固(危)废处置为核心的环保产业两大业务板块。
142,547,航天发展,航天工业发展股份有限公司,福州市,台江区,24.91亿,3.19亿,1856,1993-11-30,--,,通信传输设备,主营业务:电子蓝军、指控通信、电磁安防和发电设备四大主营业务,电子蓝军、指控通信、电磁安防和发电设备四大主营业务
143,548,湖南投资,湖南投资集团股份有限公司,长沙市,芙蓉区,9.71亿,1.22亿,809,1993-12-20,--,,高速公路,主营业务:路桥收费、酒店经营和房地产开发,路桥收费、酒店经营和房地产开发
144,550,江铃汽车,江铃汽车股份有限公司,南昌市,青云谱区,313.46亿,6.91亿,17341,1993-12-01,--,,商用车,主营业务:生产和销售商用车、SUV以及相关的零部件,生产和销售商用车、SUV以及相关的零部件
145,551,创元科技,创元科技股份有限公司,苏州市,虎丘区,25.91亿,1.35亿,3359,1994-01-06,--,,综合,主营业务:洁净环保工程及设备、输变电高压瓷绝缘子、滚针轴承、各类光机电算一体化测绘仪器、各类磨料磨具等产品的生产经营,洁净环保工程及设备、输变电高压瓷绝缘子、滚针轴承、各类光机电算一体化测绘仪器、各类磨料磨具等产品的生产经营
146,552,靖远煤电,甘肃靖远煤电股份有限公司,白银市,平川区,39.81亿,5.53亿,13031,1994-01-06,--,,煤炭开采洗选,主营业务:煤炭的生产与销售,煤炭的生产与销售
147,553,安道麦A,安道麦股份有限公司,荆州市,沙市区,238.20亿,15.46亿,1598,1993-12-03,--,,农药,主营业务:农药、化工产品的制造和销售，农药、化工产品及其中间体的进出口贸易,农药、化工产品的制造和销售，农药、化工产品及其中间体的进出口贸易
148,554,泰山石油,中国石化山东泰山石油股份有限公司,泰安市,泰山区,27.19亿,284.67万,1342,1993-12-15,--,,石油天然气贸易,主营业务:成品油的批发和零售、天然气的零售,成品油的批发和零售、天然气的零售
149,555,神州信息,神州数码信息服务股份有限公司,深圳市,南山区,81.87亿,3.18亿,9942,1994-04-08,--,,其他软件服务,主营业务:技术服务、农业信息化、应用软件开发、金融专用设备相关业务及集成解决方案。,技术服务、农业信息化、应用软件开发、金融专用设备相关业务及集成解决方案。
150,557,西部创业,宁夏西部创业实业股份有限公司,银川市,金凤区,6.60亿,8699.15万,1153,1994-06-17,--,,铁路运输,主营业务:生态农业产业化、酒的研发、生产与销售，铁路开发建设与经营管理、仓储和物流服务。,生态农业产业化、酒的研发、生产与销售，铁路开发建设与经营管理、仓储和物流服务。
151,558,莱茵体育,莱茵达体育发展股份有限公司,杭州市,西湖区,13.24亿,4496.12万,174,1994-05-09,--,,体育运营,主营业务:体育运营、房地产销售及租赁、能源及贸易销售,体育运营、房地产销售及租赁、能源及贸易销售
152,559,万向钱潮,万向钱潮股份有限公司,杭州市,萧山区,111.54亿,9.24亿,9697,1994-01-10,--,,汽车零部件,主营业务:生产底盘及悬架系统，汽车制动系统，汽车传动系统，汽车燃油排气系统，轮毂单元，轴承，精密件，工程机械零部件等汽车系统零部件及总成。,生产底盘及悬架系统，汽车制动系统，汽车传动系统，汽车燃油排气系统，轮毂单元，轴承，精密件，工程机械零部件等汽车系统零部件及总成。
153,560,我爱我家,我爱我家控股集团股份有限公司,昆明市,五华区,13.19亿,7576.63万,59003,1994-02-02,--,,百货,主营业务:房地产综合服务业务、商业零售业，同时涉及房地产业、酒店旅游服务业和物业管理。,房地产综合服务业务、商业零售业，同时涉及房地产业、酒店旅游服务业和物业管理。
154,561,烽火电子,陕西烽火电子股份有限公司,宝鸡市,宝鸡市,12.17亿,8891.02万,3039,1994-05-09,--,,通信终端设备,主营业务:从事通信装备及电声器材的科研、生产、销售。,从事通信装备及电声器材的科研、生产、销售。
155,563,陕国投A,陕西省国际信托股份有限公司,西安市,雁塔区,11.51亿,3.52亿,498,1994-01-10,--,,信托,主营业务:投资银行的一般业务,投资银行的一般业务
156,564,供销大集,供销大集集团股份有限公司,西安市,新城区,277.90亿,14.74亿,10808,1994-01-10,--,,百货,主营业务:商业零售,商业零售
157,565,渝三峡A,重庆三峡油漆股份有限公司,重庆市,江津区,36.09亿,8112.54万,942,1994-04-08,--,,涂料涂漆,主营业务:油漆涂料的生产销售,油漆涂料的生产销售
158,566,海南海药,海南海药股份有限公司,海口市,秀英区,18.25亿,8120.67万,2350,1994-05-25,--,,化学制剂,主营业务:药品及医疗器械研发、生产和销售,药品及医疗器械研发、生产和销售
159,567,海德股份,海南海德实业股份有限公司,海口市,海口市,2.03亿,7326.83万,45,1994-05-25,--,,其他非银行金融,主营业务:不良资产管理业务。,不良资产管理业务。
160,568,泸州老窖,泸州老窖股份有限公司,泸州市,江阳区,103.95亿,26.02亿,2451,1994-05-09,--,,白酒,主营业务:“国窖1573”、“泸州老窖”等系列白酒的研发、生产和销售,“国窖1573”、“泸州老窖”等系列白酒的研发、生产和销售
序号,股票代码,股票简称,公司名称,省份,城市,主营业务收入(201712),净利润(201712),员工人数,上市日期,招股书,公司财报,行业分类,产品类型,主营业务
161,570,苏常柴A,常柴股份有限公司,常州市,钟楼区,24.23亿,4713.72万,3432,1994-07-01,--,,内燃机,主营业务:以“常柴牌”为商标的中小型单缸和多缸柴油机的生产及销售,以“常柴牌”为商标的中小型单缸和多缸柴油机的生产及销售
162,571,新大洲A,新大洲控股股份有限公司,海口市,美兰区,16.03亿,4470.77万,4348,1994-05-25,--,,煤炭开采洗选,主营业务:煤炭采掘;物流运输;电动车的生产经营和物业管理等,煤炭采掘;物流运输;电动车的生产经营和物业管理等
163,572,海马汽车,海马汽车集团股份有限公司,海口市,海口市,100.79亿,-14.15亿,8189,1994-08-08,--,,乘用车,主营业务:汽车及汽车发动机的研发、制造、销售、物流配送及相关业务，金融服务业,汽车及汽车发动机的研发、制造、销售、物流配送及相关业务，金融服务业
164,573,粤宏远A,东莞宏远工业区股份有限公司,东莞市,东莞市,5.66亿,3162.54万,533,1994-08-15,--,,房地产开发,主营业务:开发经营工业区、房地产开发销售、原煤开采销售,开发经营工业区、房地产开发销售、原煤开采销售
165,576,广东甘化,江门甘蔗化工厂(集团)股份有限公司,江门市,蓬江区,4.75亿,-2.84亿,487,1994-09-07,--,,造纸,主营业务:浆纸贸易、酵母及酵母深加工产品的生产销售、LED外延片及芯片的生产销售,浆纸贸易、酵母及酵母深加工产品的生产销售、LED外延片及芯片的生产销售
166,581,威孚高科,无锡威孚高科技集团股份有限公司,无锡市,滨湖区,90.17亿,26.47亿,5411,1998-09-24,--,,汽车零部件,主营业务:汽车燃油喷射系统、汽车后处理系统、发动机进气系统等产品的开发、制造和销售业务,汽车燃油喷射系统、汽车后处理系统、发动机进气系统等产品的开发、制造和销售业务
167,582,北部湾港,北部湾港股份有限公司,北海市,海城区,37.11亿,6.43亿,3839,1995-11-02,--,,港口,主营业务:从事投资兴建港口、码头、装卸、仓储管理及服务，交通运输（普通货运），机械加工及修理，外轮代理、物流代理服务，国内、国际商业贸易等,从事投资兴建港口、码头、装卸、仓储管理及服务，交通运输（普通货运），机械加工及修理，外轮代理、物流代理服务，国内、国际商业贸易等
168,584,哈工智能,江苏哈工智能机器人股份有限公司,无锡市,江阴市,15.72亿,1.15亿,915,1995-11-28,--,,氨纶,主营业务:智能制造业务，房地产销售、租赁业务以及氨纶生产销售业务。,智能制造业务，房地产销售、租赁业务以及氨纶生产销售业务。
169,585,*ST东电,东北电气发展股份有限公司,常州市,新北区,3298.59万,-3.98亿,559,1995-12-13,--,,其他输变电设备,主营业务:电力电容器及封闭母线等系统保护及传输设备的制造和营销,电力电容器及封闭母线等系统保护及传输设备的制造和营销
170,586,汇源通信,四川汇源光通信股份有限公司,成都市,金牛区,3.90亿,94.63万,1093,1995-12-20,--,,通信传输设备,主营业务:通信工程及系统集成业务、光纤、光缆及相关产品业务,通信工程及系统集成业务、光纤、光缆及相关产品业务
171,587,金洲慈航,金洲慈航集团股份有限公司,伊春市,伊春区,116.98亿,11.10亿,1149,1996-04-25,--,,珠宝首饰,主营业务:黄金珠宝首饰研发设计、加工制造、批发零售及品牌加盟，融资租赁,黄金珠宝首饰研发设计、加工制造、批发零售及品牌加盟，融资租赁
172,589,黔轮胎A,贵州轮胎股份有限公司,贵阳市,乌当区,69.60亿,-2.22亿,6103,1996-03-08,--,,轮胎,主营业务:轮胎生产及销售,轮胎生产及销售
173,590,启迪古汉,启迪古汉集团股份有限公司,衡阳市,蒸湘区,3.44亿,990.60万,1466,1996-01-19,--,,中药生产,主营业务:主要生产销售以古汉养生精（口服液、片剂）为代表的中成药系列产品，以克林霉素磷酸酯小针剂和各类输液为主的西药制剂系列产品。,主要生产销售以古汉养生精（口服液、片剂）为代表的中成药系列产品，以克林霉素磷酸酯小针剂和各类输液为主的西药制剂系列产品。
174,591,太阳能,中节能太阳能股份有限公司,重庆市,渝中区,52.05亿,8.11亿,2555,1996-02-08,--,,新能源发电,"主营业务:太阳能光伏电站的投资运营,以及太阳能电池组件的生产销售","太阳能光伏电站的投资运营,以及太阳能电池组件的生产销售"
175,592,平潭发展,中福海峡(平潭)发展股份有限公司,福州市,平潭县,8.48亿,-687.32万,1179,1996-03-27,--,,木材加工,主营业务:造林营林、林木产品加工与销售、以烟草化肥销售为主的农资贸易业务和与平潭综合实验区开发项目的有关业务。,造林营林、林木产品加工与销售、以烟草化肥销售为主的农资贸易业务和与平潭综合实验区开发项目的有关业务。
176,593,大通燃气,四川大通燃气开发股份有限公司,成都市,成华区,4.86亿,2681.59万,833,1996-03-12,--,,燃气,主营业务:城市管道燃气和零售商业,城市管道燃气和零售商业
177,595,宝塔实业,宝塔实业股份有限公司,银川市,西夏区,4.36亿,2783.79万,1423,1996-04-19,--,,基础件,主营业务:轴承制造、物资贸易,轴承制造、物资贸易
178,596,古井贡酒,安徽古井贡酒股份有限公司,亳州市,亳州市,69.68亿,11.85亿,7991,1996-09-27,--,,白酒,主营业务:白酒的生产与销售、包装材料的生产与销售、农副产品的加工与生产、酒店餐饮等,白酒的生产与销售、包装材料的生产与销售、农副产品的加工与生产、酒店餐饮等
179,597,东北制药,东北制药集团股份有限公司,沈阳市,于洪区,56.76亿,9205.77万,8106,1996-05-23,--,,化学原料药,主营业务:生产和销售化学原料药品及制剂药品、经营医药产品批发及零售、生物制剂的生产与销售,生产和销售化学原料药品及制剂药品、经营医药产品批发及零售、生物制剂的生产与销售
180,598,兴蓉环境,成都市兴蓉环境股份有限公司,成都市,青羊区,37.31亿,9.16亿,3767,1996-05-29,--,,污水处理,主营业务:自来水供应、污水处理及垃圾渗滤液处理。,自来水供应、污水处理及垃圾渗滤液处理。
序号,股票代码,股票简称,公司名称,省份,城市,主营业务收入(201712),净利润(201712),员工人数,上市日期,招股书,公司财报,行业分类,产品类型,主营业务
181,599,青岛双星,青岛双星股份有限公司,青岛市,黄岛区,39.98亿,1.02亿,4840,1996-04-30,--,,轮胎,主营业务:轮胎、机械等产品的生产及销售。,轮胎、机械等产品的生产及销售。
182,600,建投能源,河北建投能源投资股份有限公司,石家庄市,石家庄市,105.69亿,3.12亿,4443,1996-06-06,--,,火电,主营业务:投资、建设、运营管理以电力生产为主的能源项目,投资、建设、运营管理以电力生产为主的能源项目
183,601,韶能股份,广东韶能集团股份有限公司,韶关市,武江区,35.94亿,4.58亿,4828,1996-08-30,--,,火电,主营业务:电力生产与销售,电力生产与销售
184,603,盛达矿业,盛达矿业股份有限公司,北京市,大兴区,13.34亿,4.62亿,685,1996-08-23,--,,铅锌,主营业务:有色金属矿采选业，铅精粉（含银）、锌精粉的生产和销售,有色金属矿采选业，铅精粉（含银）、锌精粉的生产和销售
185,605,渤海股份,渤海水业股份有限公司,北京市,顺义区,16.63亿,1.75亿,1470,1996-09-13,--,,水务,主营业务:原水和自来水开发供应、管道输水运输、供水设施管理、维护和保养、水务基础设施投资建设及运营管理。,原水和自来水开发供应、管道输水运输、供水设施管理、维护和保养、水务基础设施投资建设及运营管理。
186,606,顺利办,顺利办信息服务股份有限公司,西宁市,城东区,5.16亿,7759.19万,364,1996-10-04,--,,其他互联网服务,主营业务:互联网服务业务,互联网服务业务
187,607,华媒控股,浙江华媒控股股份有限公司,杭州市,下城区,18.32亿,2.10亿,3175,1996-08-30,--,,营销服务,主营业务:经营广告、报刊发行、印刷及新媒体业务、新增教育培训,经营广告、报刊发行、印刷及新媒体业务、新增教育培训
188,608,阳光股份,阳光新业地产股份有限公司,南宁市,江南区,5.34亿,1.90亿,147,1996-09-19,--,,房地产开发,主营业务:房地产开发与销售，投资性房地产出租与资产管理输出服务,房地产开发与销售，投资性房地产出租与资产管理输出服务
189,609,中迪投资,北京中迪投资股份有限公司,北京市,丰台区,2.71亿,1.34亿,101,1996-10-10,--,,综合,主营业务:股权投资和资产投资,股权投资和资产投资
190,610,西安旅游,西安旅游股份有限公司,西安市,碑林区,7.30亿,-2012.53万,815,1996-09-26,--,,景区,主营业务:酒店经营管理、餐饮服务、旅行社、商业地产开发租赁、企业管理咨询、物业管理服务和劳务输出等。,酒店经营管理、餐饮服务、旅行社、商业地产开发租赁、企业管理咨询、物业管理服务和劳务输出等。
191,611,天首发展,内蒙古天首科技发展股份有限公司,包头市,青山区,4077.93万,-2152.78万,142,1996-10-08,--,,纺织,主营业务:纺织品加工、销售，高硅硅锰铁合金等新材料贸易,纺织品加工、销售，高硅硅锰铁合金等新材料贸易
192,612,焦作万方,焦作万方铝业股份有限公司,焦作市,马村区,50.17亿,1.76亿,3886,1996-09-26,--,,铝,主营业务:铝冶炼及加工,铝冶炼及加工
193,613,大东海A,海南大东海旅游中心股份有限公司,三亚市,三亚市,2790.66万,285.90万,143,1997-01-28,--,,酒店,主营业务:旅游服务业中的住宿和餐饮,旅游服务业中的住宿和餐饮
194,615,京汉股份,京汉实业投资集团股份有限公司,襄阳市,樊城区,27.95亿,4.18亿,3423,1996-10-16,--,,房地产开发,主营业务:房地产业务和粘胶纤维业务,房地产业务和粘胶纤维业务
195,616,海航投资,海航投资集团股份有限公司,大连市,中山区,9670.73万,792.84万,247,1996-11-08,--,,房地产开发,主营业务:以商品住宅及商铺的开发和销售为主；物业管理与经营服务等。,以商品住宅及商铺的开发和销售为主；物业管理与经营服务等。
196,617,中油资本,中国石油集团资本股份有限公司,克拉玛依市,克拉玛依区,293.05亿,135.12亿,4022,1996-10-22,--,,其他非银行金融,主营业务:以自有资金对外投资、投资管理；投资咨询服务，企业策划；企业投资服务,以自有资金对外投资、投资管理；投资咨询服务，企业策划；企业投资服务
197,619,海螺型材,芜湖海螺型材科技股份有限公司,芜湖市,鸠江区,30.88亿,1478.16万,3583,1996-10-23,--,,其他建材,主营业务:主要生产销售塑料型材、门窗等节能建筑材料。,主要生产销售塑料型材、门窗等节能建筑材料。
198,620,新华联,新华联文化旅游发展股份有限公司,北京市,通州区,74.41亿,8.53亿,6583,1996-10-29,--,,房地产开发,主营业务:房地产开发、经营与建筑装修,房地产开发、经营与建筑装修
199,622,恒立实业,恒立实业发展集团股份有限公司,岳阳市,岳阳楼区,5873.31万,-3669.78万,193,1996-11-07,--,,汽车零部件,主营业务:汽车空调设备的制造、销售、安装、维修、加工、销售机械设备、公路运输设备及承接各类空调设备的性能测试。,汽车空调设备的制造、销售、安装、维修、加工、销售机械设备、公路运输设备及承接各类空调设备的性能测试。
200,623,吉林敖东,吉林敖东药业集团股份有限公司,延边朝鲜族自治州,敦化市,29.77亿,18.45亿,3351,1996-10-28,--,,中药生产,主营业务:制药业为主导产业，集养殖、种植、房地产开发、商业、机械修理、仓储、饮食服务业、运输等多业经营,制药业为主导产业，集养殖、种植、房地产开发、商业、机械修理、仓储、饮食服务业、运输等多业经营
